{"cameraMode":{"drawMode":0,"name":"Shaded","section":"Shading Mode"},"sceneLighting":false,"audioPlay":false,"sceneViewState":{"showFog":true,"showMaterialUpdate":false,"showSkybox":false,"showFlares":true,"showImageEffects":true,"showParticleSystems":true},"in2DMode":false,"pivot":{"x":3.25,"y":1.473827838897705,"z":5.239999771118164},"rotation":{"x":0.05547153204679489,"y":0.004489808343350887,"z":-0.0002454645582474768,"w":0.9984502196311951},"size":10.994412422180176,"orthographic":true}